"","dayofweek","visib","num_accidents"
"1",4,10,0.0596330275229358
"2",5,10,0.286697247706422
"3",6,10,0.444954128440367
"4",7,10,0.344036697247706
"5",1,10,0.0779816513761468
"6",2,9.8,0.0871559633027523
"7",3,8.8,0.380733944954128
"8",4,9.8,0.362385321100917
"9",5,6.8,0.302752293577982
"10",6,9.9,0.458715596330275
"11",7,10,0.69954128440367
"12",1,7.1,0.275229357798165
"13",2,4.3,0.0412844036697248
"14",3,1.3,0.428899082568807
"15",4,9.5,0.369266055045872
"16",5,7,0.511467889908257
"17",6,8.6,0.311926605504587
"18",7,7.5,0.472477064220183
"19",1,9.2,0.295871559633028
"20",2,7,0.0871559633027523
"21",3,9.2,0
"22",4,6.5,0.43348623853211
"23",5,10,0.435779816513761
"24",6,10,0.456422018348624
"25",7,10,0.731651376146789
"26",1,8.6,0.465596330275229
"27",2,10,0.169724770642202
"28",3,8.8,0.348623853211009
"29",4,2.6,0.428899082568807
"30",5,4.4,0.325688073394495
"31",6,5.9,0.543577981651376
"32",7,10,0.502293577981651
"33",1,10,0.410550458715596
"34",2,8.2,0.206422018348624
"35",3,8.8,0.454128440366972
"36",4,7.8,0.48394495412844
"37",5,9,0.48394495412844
"38",6,10,0.392201834862385
"39",7,7.3,0.798165137614679
"40",1,1.2,0.110091743119266
"41",2,8.9,0.103211009174312
"42",3,7.6,0.275229357798165
"43",4,6.5,0.327981651376147
"44",5,10,0.493119266055046
"45",6,8.4,0.63302752293578
"46",7,9.8,0.571100917431193
"47",1,9.2,0.215596330275229
"48",2,4.2,0.211009174311927
"49",3,9.3,0.0986238532110092
"50",4,10,0.279816513761468
"51",5,8.5,0.355504587155963
"52",6,10,0.327981651376147
"53",7,9.8,0.403669724770642
"54",1,9.7,0.380733944954128
"55",2,4.3,0.162844036697248
"56",3,8.3,0.309633027522936
"57",4,10,0.41743119266055
"58",5,5.9,0.447247706422018
"59",6,7.2,0.371559633027523
"60",7,9.4,0.568807339449541
"61",1,10,0.272935779816514
"62",2,10,0.337155963302752
"63",3,10,0.555045871559633
"64",4,9.9,0.394495412844037
"65",5,9.4,0.275229357798165
"66",6,4.1,0.412844036697248
"68",1,9.9,0.490825688073394
"69",2,10,0.137614678899083
"70",3,10,0.38302752293578
"71",4,7.5,0.440366972477064
"72",5,7.1,0.644495412844037
"73",6,9.7,0.463302752293578
"74",7,10,0.577981651376147
"75",1,10,0.380733944954128
"76",2,9.9,0.162844036697248
"77",3,10,0.614678899082569
"78",4,4.6,0.467889908256881
"79",5,10,0.424311926605505
"80",6,9.8,0.350917431192661
"81",7,6.8,0.571100917431193
"82",1,10,0.305045871559633
"83",2,10,0.220183486238532
"84",3,10,0.327981651376147
"85",4,9.7,0.160550458715596
"86",5,10,0.197247706422018
"87",6,9.9,0.444954128440367
"88",7,10,0.378440366972477
"89",1,10,0.362385321100917
"90",2,10,0.162844036697248
"91",3,6.8,0.284403669724771
"92",4,9.9,0.188073394495413
"93",5,10,0.405963302752294
"94",6,10,0.48394495412844
"95",7,8.7,0.520642201834862
"96",1,10,0.403669724770642
"97",2,10,0.220183486238532
"98",3,9.1,0.520642201834862
"99",4,6.7,0.591743119266055
"100",5,7.6,0.51605504587156
"101",6,6.6,0.371559633027523
"102",7,7.7,0.674311926605505
"103",1,8.2,0.458715596330275
"104",2,9.6,0.268348623853211
"105",3,10,0.568807339449541
"106",4,10,0.479357798165138
"107",5,8.3,0.412844036697248
"108",6,10,0.454128440366972
"109",7,4.6,0.493119266055046
"110",1,3.6,0.405963302752294
"111",2,10,0.26605504587156
"112",3,10,0.481651376146789
"113",4,5.1,0.362385321100917
"114",5,7,0.557339449541284
"115",6,7.2,0.522935779816514
"116",7,9.5,0.73394495412844
"117",1,8.6,0.371559633027523
"118",2,9.8,0.194954128440367
"119",3,9.9,0.557339449541284
"120",4,10,0.506880733944954
"121",5,7.4,0.506880733944954
"122",6,9.5,0.527522935779816
"123",7,9.9,0.759174311926605
"124",1,10,0.51605504587156
"125",2,9.7,0.36697247706422
"126",3,5.1,0.472477064220183
"127",4,4.4,0.543577981651376
"128",5,7.5,0.607798165137615
"129",6,5,0.56651376146789
"130",7,5.7,0.786697247706422
"131",1,3.7,0.385321100917431
"132",2,3.3,0.394495412844037
"133",3,9.9,0.509174311926605
"134",4,9.8,0.481651376146789
"135",5,10,0.405963302752294
"136",6,7.1,0.467889908256881
"137",7,9.9,0.885321100917431
"138",1,10,0.346330275229358
"139",2,9.3,0.43348623853211
"140",3,2.9,0.692660550458716
"141",4,0.3,0.784403669724771
"142",5,2.5,0.493119266055046
"143",6,3,0.871559633027523
"144",7,2.1,0.717889908256881
"145",1,4.6,0.364678899082569
"146",2,9.3,0.229357798165138
"147",3,10,0.149082568807339
"148",4,9.9,0.759174311926605
"149",5,4.9,0.502293577981651
"150",6,6.1,0.756880733944954
"151",7,6.7,0.873853211009174
"152",1,7,0.63302752293578
"153",2,4.6,0.302752293577982
"154",3,2,0.807339449541284
"155",4,7.5,0.591743119266055
"156",5,9.8,0.559633027522936
"157",6,10,0.573394495412844
"158",7,7.7,1
"159",1,4.8,0.495412844036697
"160",2,6.9,0.408256880733945
"161",3,9.3,0.61697247706422
"162",4,1.8,0.642201834862385
"163",5,8.1,0.596330275229358
"164",6,10,0.410550458715596
"165",7,7,0.775229357798165
"166",1,10,0.552752293577982
"167",2,8.9,0.279816513761468
"168",3,7,0.594036697247706
"169",4,3.1,0.591743119266055
"170",5,8.4,0.612385321100917
"171",6,9.6,0.747706422018349
"172",7,10,0.768348623853211
"173",1,10,0.559633027522936
"174",2,9.8,0.344036697247706
"175",3,2.8,0.745412844036697
"176",4,8.4,0.672018348623853
"177",5,6.1,0.610091743119266
"178",6,3.1,0.557339449541284
"179",7,2.1,0.580275229357798
"180",1,1.4,0.541284403669725
"181",2,1.9,0.155963302752294
"182",3,4.1,0.637614678899083
"183",4,4,0.564220183486238
"184",5,2.5,0.642201834862385
"185",6,1.8,0.190366972477064
"186",7,6.8,0.506880733944954
"187",1,8.1,0.369266055045872
"188",2,9,0.275229357798165
"189",3,6.7,0.600917431192661
"190",4,5.7,0.522935779816514
"191",5,1.9,0.594036697247706
"192",6,4.9,0.447247706422018
"193",7,3.1,0.559633027522936
"194",1,3.3,0.504587155963303
"195",2,4.5,0.26605504587156
"196",3,9.3,0.518348623853211
"197",4,8.3,0.520642201834862
"198",5,9.9,0.582568807339449
"199",6,8.1,0.644495412844037
"200",7,2.8,0.784403669724771
"201",1,3.3,0.44954128440367
"202",2,6.6,0.211009174311927
"203",3,5.6,0.541284403669725
"204",4,3.7,0.495412844036697
"205",5,5.7,0.495412844036697
"206",6,9.7,0.348623853211009
"207",7,6,0.600917431192661
"208",1,9.6,0.369266055045872
"209",2,5.7,0.298165137614679
"210",3,6.5,0.555045871559633
"211",4,7.8,0.525229357798165
"212",5,10,0.454128440366972
"213",6,9.8,0.660550458715596
"214",7,9.5,0.621559633027523
"215",1,7.2,0.314220183486239
"216",2,9,0.227064220183486
"217",3,10,0.435779816513761
"218",4,10,0.431192660550459
"219",5,9.9,0.350917431192661
"220",6,10,0.444954128440367
"221",7,9.3,0.513761467889908
"222",1,6.4,0.321100917431193
"223",2,10,0.288990825688073
"224",3,10,0.376146788990826
"225",4,4.6,0.451834862385321
"226",5,8.3,0.612385321100917
"227",6,10,0.559633027522936
"228",7,10,0.740825688073395
"229",1,10,0.341743119266055
"230",2,8.4,0.19954128440367
"231",3,9.5,0.245412844036697
"232",4,9.5,0.428899082568807
"233",5,7.1,0.474770642201835
"234",6,3.9,0.511467889908257
"235",7,7.8,0.644495412844037
"236",1,10,0.394495412844037
"237",2,10,0.238532110091743
"238",3,10,0.380733944954128
"239",4,4.5,0.346330275229358
"240",5,3.9,0.291284403669725
"241",6,5.8,0.497706422018349
"242",7,9.9,0.559633027522936
"243",1,7,0.286697247706422
"244",2,7.5,0.286697247706422
"245",3,7,0.174311926605505
"246",4,2,0.44954128440367
"247",5,8.9,0.571100917431193
"248",6,10,0.31651376146789
"249",7,10,0.387614678899083
"250",1,10,0.527522935779816
"251",2,10,0.33256880733945
"252",3,10,0.635321100917431
"253",4,10,0.628440366972477
"254",5,6.8,0.506880733944954
"255",6,5.3,0.779816513761468
"256",7,6.1,0.681192660550459
"257",1,10,0.376146788990826
"258",2,10,0.277522935779817
"259",3,10,0.493119266055046
"260",4,10,0.623853211009174
"261",5,10,0.495412844036697
"262",6,10,0.415137614678899
"263",7,9.5,0.63302752293578
"264",1,9.9,0.438073394495413
"265",2,8.8,0.527522935779816
"266",3,10,0.701834862385321
"267",4,10,0.596330275229358
"268",5,10,0.422018348623853
"269",6,10,0.369266055045872
"270",7,10,0.454128440366972
"271",1,10,0.440366972477064
"272",2,10,0.346330275229358
"273",3,9.8,0.573394495412844
"274",4,10,0.598623853211009
"275",5,9.3,0.669724770642202
"276",6,10,0.538990825688073
"277",7,9.3,0.694954128440367
"278",1,9.6,0.325688073394495
"279",2,6.9,0.112385321100917
"280",3,8.5,0.603211009174312
"281",4,8.7,0.502293577981651
"282",5,10,0.399082568807339
"283",6,10,0.467889908256881
"284",7,10,0.610091743119266
"285",1,10,0.461009174311927
"286",2,10,0.337155963302752
"287",3,10,0.194954128440367
"288",4,10,0.596330275229358
"289",5,6.2,0.442660550458716
"290",6,7.9,0.502293577981651
"291",7,8.8,0.745412844036697
"292",1,10,0.26605504587156
"293",2,10,0.309633027522936
"294",3,10,0.598623853211009
"295",4,10,0.424311926605505
"296",5,9.8,0.465596330275229
"297",6,9.9,0.635321100917431
"298",7,10,0.669724770642202
"299",1,10,0.621559633027523
"300",2,10,0.360091743119266
"301",3,10,0.607798165137615
"302",4,10,0.561926605504587
"303",5,10,0.465596330275229
"304",6,9.1,0.596330275229358
"305",7,6.3,0.814220183486238
"306",1,6.4,0.44954128440367
"307",2,8.8,0.137614678899083
"308",3,10,0.694954128440367
"309",4,10,0.355504587155963
"310",5,10,0.642201834862385
"311",6,7.1,0.667431192660551
"312",7,10,0.75
"313",1,10,0.495412844036697
"314",2,10,0.272935779816514
"315",3,10,0.231651376146789
"316",4,8.5,0.669724770642202
"317",5,10,0.545871559633027
"318",6,10,0.607798165137615
"319",7,10,0.600917431192661
"320",1,9.6,0.589449541284404
"321",2,6.8,0.405963302752294
"322",3,5,0.587155963302752
"323",4,9.8,0.561926605504587
"324",5,10,0.577981651376147
"325",6,10,0.626146788990826
"326",7,9.4,0.795871559633027
"327",1,9.6,0.415137614678899
"328",2,10,0.318807339449541
"329",3,10,0.814220183486238
"331",5,5.2,0.887614678899083
"332",6,9.4,0.169724770642202
"333",7,10,0.188073394495413
"334",1,10,0.284403669724771
"335",2,9.8,0.149082568807339
"336",3,7,0.444954128440367
"337",4,10,0.454128440366972
"338",5,9.8,0.378440366972477
"339",6,8.3,0.5
"340",7,3,0.926605504587156
"341",1,7.8,0.486238532110092
"342",2,10,0.231651376146789
"343",3,6.8,0.651376146788991
"344",4,6.7,0.422018348623853
"345",5,9.9,0.573394495412844
"346",6,10,0.672018348623853
"347",7,9.9,0.779816513761468
"348",1,8.1,0.768348623853211
"349",2,5.8,0.217889908256881
"350",3,10,0.653669724770642
"351",4,9,0.798165137614679
"352",5,8.7,0.793577981651376
"353",6,10,0.577981651376147
"354",7,8.3,0.731651376146789
"355",1,5.5,0.548165137614679
"356",2,2.1,0.344036697247706
"357",3,3.5,0.807339449541284
"358",4,8.8,0.36697247706422
"360",6,9.3,0.16743119266055
"361",7,10,0.277522935779817
"362",1,9.9,0.275229357798165
"363",2,6.9,0.0894495412844037
"364",3,8.8,0.277522935779817
"365",4,9.4,0.252293577981651
"366",5,10,0.0902777777777778
"367",6,5.8,0.5625
"368",7,0.8,0.145833333333333
"369",1,9.3,0.134259259259259
"371",3,2.5,0.365740740740741
"372",4,9.4,0.303240740740741
"373",5,10,0.592592592592593
"374",6,10,0.465277777777778
"375",7,9.7,0.710648148148148
"376",1,4.4,0.243055555555556
"377",2,5.5,0.0648148148148148
"378",3,9.2,0.481481481481481
"379",4,5.2,0.460648148148148
"380",5,6.5,0.516203703703704
"381",6,4.6,0.372685185185185
"382",7,6.7,0.530092592592593
"383",1,8.7,0.203703703703704
"384",2,10,0.0462962962962963
"385",3,10,0
"387",5,1.9,0.319444444444444
"388",6,9.7,0.583333333333333
"389",7,10,0.798611111111111
"390",1,8.5,0.266203703703704
"391",2,9.4,0.243055555555556
"392",3,8.8,0.349537037037037
"393",4,10,0.333333333333333
"394",5,6.3,0.668981481481482
"395",6,10,0.6875
"396",7,9.9,0.462962962962963
"397",1,10,0.340277777777778
"398",2,5.5,0.131944444444444
"400",4,10,0.585648148148148
"401",5,6.3,0.25
"402",6,8.6,0.483796296296296
"403",7,10,0.729166666666667
"404",1,10,0.148148148148148
"405",2,10,0.208333333333333
"406",3,9,0.736111111111111
"407",4,10,0.638888888888889
"408",5,10,0.648148148148148
"409",6,6.3,0.201388888888889
"410",7,5.7,1
"411",1,7.3,0.361111111111111
"412",2,7.5,0.240740740740741
"413",3,9.3,0.303240740740741
"414",4,9,0.365740740740741
"415",5,8.9,0.444444444444444
"416",6,7.1,0.453703703703704
"417",7,3.9,0.428240740740741
"418",1,7.1,0.525462962962963
"419",2,9.5,0.125
"420",3,9.7,0.483796296296296
"421",4,10,0.354166666666667
"422",5,8.9,0.349537037037037
"423",6,8.6,0.488425925925926
"424",7,9.7,0.68287037037037
"425",1,10,0.31712962962963
"427",3,7.45,0.185185185185185
"428",4,10,0.398148148148148
"429",5,9.4,0.303240740740741
"430",6,8.9,0.458333333333333
"431",7,10,0.400462962962963
"432",1,8.9,0.358796296296296
"433",2,10,0.101851851851852
"434",3,8.9,0.354166666666667
"435",4,8.15,0.347222222222222
"436",5,8,0.358796296296296
"437",6,4.45,0.428240740740741
"438",7,10,0.520833333333333
"439",1,9.1,0.368055555555556
"440",2,10,0.12037037037037
"441",3,10,0.368055555555556
"442",4,10,0.44212962962963
"443",5,10,0.381944444444444
"444",6,6.85,0.618055555555556
"445",7,9.6,0.530092592592593
"446",1,9.7,0.30787037037037
"447",2,10,0.155092592592593
"448",3,10,0.43287037037037
"449",4,10,0.263888888888889
"450",5,4.35,0.469907407407407
"451",6,10,0.412037037037037
"452",7,9.1,0.393518518518519
"453",1,4.8,0.483796296296296
"454",2,2.15,0.178240740740741
"455",3,6.1,0.460648148148148
"456",4,9.55,0.4375
"457",5,10,0.368055555555556
"458",6,9.3,0.537037037037037
"459",7,10,0.606481481481482
"460",1,7.4,0.509259259259259
"461",2,10,0.287037037037037
"462",3,10,0.400462962962963
"463",4,2.5,0.569444444444444
"464",5,9.6,0.543981481481482
"465",6,9.9,0.659722222222222
"466",7,8.8,0.576388888888889
"467",1,8.5,0.50462962962963
"468",2,9.3,0.282407407407407
"469",3,7,0.356481481481481
"470",4,6.6,0.212962962962963
"471",5,7.9,0.486111111111111
"472",6,10,0.342592592592593
"473",7,9.9,0.314814814814815
"474",1,10,0.381944444444444
"475",2,10,0.0763888888888889
"476",3,10,0.372685185185185
"477",4,10,0.229166666666667
"478",5,9.2,0.407407407407407
"479",6,10,0.523148148148148
"480",7,10,0.594907407407407
"481",1,8.85,0.435185185185185
"482",2,9.9,0.206018518518519
"483",3,10,0.548611111111111
"484",4,9.9,0.451388888888889
"485",5,9.45,0.673611111111111
"486",6,3.1,0.671296296296296
"487",7,6.25,0.782407407407407
"488",1,9.3,0.532407407407407
"489",2,9.8,0.210648148148148
"490",3,9.9,0.597222222222222
"491",4,9.8,0.474537037037037
"492",5,10,0.5625
"493",6,9.8,0.546296296296296
"494",7,8.9,0.518518518518518
"495",1,8,0.4375
"496",2,8.95,0.518518518518518
"497",3,9.9,0.511574074074074
"498",4,10,0.462962962962963
"499",5,10,0.643518518518518
"500",6,10,0.69212962962963
"501",7,9.1,0.787037037037037
"502",1,5.8,0.599537037037037
"503",2,9.8,0.340277777777778
"504",3,10,0.490740740740741
"505",4,9.9,0.671296296296296
"506",5,10,0.497685185185185
"507",6,8.6,0.539351851851852
"508",7,10,0.694444444444444
"509",1,10,0.291666666666667
"510",2,10,0.259259259259259
"511",3,9.6,0.168981481481481
"512",4,9.5,0.659722222222222
"513",5,2.6,0.412037037037037
"514",6,10,0.701388888888889
"515",7,9.95,0.671296296296296
"516",1,10,0.525462962962963
"517",2,10,0.564814814814815
"518",3,10,0.655092592592593
"519",4,10,0.701388888888889
"520",5,8.6,0.513888888888889
"521",6,4.9,0.483796296296296
"522",7,9.55,0.886574074074074
"523",1,9.95,0.608796296296296
"524",2,9.9,0.361111111111111
"525",3,8.55,0.388888888888889
"526",4,9.15,0.483796296296296
"527",5,9.3,0.5
"528",6,10,0.469907407407407
"529",7,4,0.805555555555556
"530",1,4.8,0.585648148148148
"531",2,10,0.266203703703704
"532",3,10,0.606481481481482
"533",4,10,0.708333333333333
"534",5,6.4,0.701388888888889
"535",6,9.7,0.729166666666667
"536",7,9.8,0.9375
"537",1,10,0.456018518518519
"538",2,9.9,0.270833333333333
"539",3,10,0.657407407407407
"540",4,10,0.62962962962963
"541",5,9.9,0.662037037037037
"542",6,3.5,0.717592592592593
"543",7,9.8,0.694444444444444
"544",1,9.5,0.581018518518518
"545",2,9.5,0.409722222222222
"546",3,10,0.578703703703704
"547",4,9.8,0.592592592592593
"548",5,7.2,0.689814814814815
"549",6,1.8,0.87962962962963
"550",7,3.9,0
"551",1,8.4,0.335648148148148
"552",2,10,0.210648148148148
"553",3,9.4,0.587962962962963
"554",4,6.2,0.541666666666667
"555",5,5.1,0.483796296296296
"556",6,5.4,0.518518518518518
"557",7,6.5,0.652777777777778
"558",1,9.9,0.439814814814815
"559",2,9.8,0.18287037037037
"560",3,7.4,0.479166666666667
"561",4,5.8,0.525462962962963
"562",5,6,0.44212962962963
"563",6,7.7,0.525462962962963
"564",7,9.6,0.611111111111111
"565",1,10,0.277777777777778
"566",2,9.1,0.210648148148148
"567",3,6,0.456018518518519
"568",4,5.9,0.525462962962963
"569",5,9.9,0.534722222222222
"570",6,6.4,0.414351851851852
"571",7,10,0.678240740740741
"572",1,9.8,0.402777777777778
"573",2,9.9,0.268518518518519
"574",3,4.8,0.543981481481482
"575",4,9.6,0.384259259259259
"576",5,9.3,0.56712962962963
"577",6,9.6,0.615740740740741
"578",7,9,0.710648148148148
"579",1,8.8,0.416666666666667
"580",2,6,0.268518518518519
"581",3,6,0.530092592592593
"582",4,3.7,0.569444444444444
"583",5,4.4,0.467592592592593
"584",6,9.2,0.520833333333333
"585",7,10,0.55787037037037
"586",1,9.9,0.412037037037037
"587",2,9.8,0.351851851851852
"588",3,7.8,0.564814814814815
"589",4,10,0.303240740740741
"590",5,8.4,0.490740740740741
"591",6,9.1,0.613425925925926
"592",7,10,0.375
"593",1,9.7,0.300925925925926
"594",2,8.3,0.268518518518519
"595",3,9.8,0.543981481481482
"596",4,8.8,0.361111111111111
"597",5,9.9,0.44212962962963
"598",6,10,0.479166666666667
"599",7,7.9,0.481481481481481
"600",1,9.8,0.217592592592593
"601",2,10,0.178240740740741
"602",3,10,0.4375
"603",4,10,0.574074074074074
"604",5,6.5,0.412037037037037
"605",6,6.8,0.597222222222222
"606",7,10,0.627314814814815
"607",1,10,0.347222222222222
"608",2,9.4,0.3125
"609",3,6.8,0.0740740740740741
"610",4,1.7,0.787037037037037
"611",5,8.1,0.509259259259259
"612",6,9.9,0.849537037037037
"613",7,8.7,0.664351851851852
"614",1,6.9,0.446759259259259
"615",2,9,0.270833333333333
"616",3,10,0.550925925925926
"617",4,10,0.537037037037037
"618",5,10,0.597222222222222
"619",6,9.7,0.599537037037037
"620",7,9.7,0.856481481481482
"621",1,9.6,0.458333333333333
"622",2,10,0.388888888888889
"623",3,10,0.578703703703704
"624",4,10,0.585648148148148
"625",5,9.8,0.689814814814815
"626",6,10,0.671296296296296
"627",7,10,0.666666666666667
"628",1,10,0.541666666666667
"629",2,8.1,0.358796296296296
"630",3,8.2,0.699074074074074
"631",4,10,0.537037037037037
"632",5,10,0.476851851851852
"633",6,8.6,0.303240740740741
"634",7,7.9,0.655092592592593
"635",1,9.9,0.555555555555556
"636",2,9.9,0.351851851851852
"637",3,9.2,0.476851851851852
"638",4,6.7,0.530092592592593
"639",5,7.1,0.460648148148148
"640",6,9.4,0.458333333333333
"641",7,9.2,0.831018518518518
"642",1,6.8,0.395833333333333
"643",2,9.6,0.335648148148148
"644",3,10,0.645833333333333
"645",4,10,0.601851851851852
"646",5,9.4,0.645833333333333
"647",6,9.7,0.321759259259259
"648",7,10,0.418981481481481
"649",1,8.1,0.430555555555556
"650",2,10,0.261574074074074
"651",3,10,0.210648148148148
"652",4,10,0.780092592592593
"653",5,9.9,0.497685185185185
"654",6,6.6,0.560185185185185
"655",7,7.9,0.666666666666667
"656",1,9,0.310185185185185
"657",2,10,0.284722222222222
"658",3,10,0.534722222222222
"659",4,9.3,0.571759259259259
"660",5,6.1,0.805555555555556
"661",6,8.7,0.645833333333333
"662",7,7.6,0.715277777777778
"663",1,10,0.358796296296296
"664",2,10,0.358796296296296
"665",3,10,0.652777777777778
"666",4,9.9,0.488425925925926
"667",5,8,0.453703703703704
"668",6,9.4,0.615740740740741
"669",7,10,0.712962962962963
"670",1,8.8,0.685185185185185
"671",2,6.3,0.398148148148148
"672",3,10,0.613425925925926
"673",4,10,0.412037037037037
"674",5,9.3,0.449074074074074
"675",6,9.4,0.675925925925926
"676",7,7.9,0.650462962962963
"677",1,10,0.423611111111111
"678",2,10,0.136574074074074
"679",3,9.6,0.462962962962963
"680",4,9.5,0.30787037037037
"681",5,6,0.430555555555556
"682",6,8.6,0.777777777777778
"683",7,9.7,0.680555555555556
"684",1,10,0.391203703703704
"685",2,10,0.159722222222222
"686",3,6.5,0.708333333333333
"687",4,7.8,0.814814814814815
"688",5,10,0.631944444444444
"689",6,9.8,0.636574074074074
"690",7,10,0.733796296296296
"691",1,10,0.351851851851852
"692",2,8.9,0.150462962962963
"693",3,4.5,0.837962962962963
"694",4,3.6,0.553240740740741
"695",5,6.7,0.884259259259259
"696",6,8.6,0.0416666666666667
"697",7,9.3,0.194444444444444
"698",1,10,0.0787037037037037
"699",2,9.9,0.0393518518518519
"700",3,7.4,0.657407407407407
"701",4,9.9,0.581018518518518
"702",5,6.1,0.483796296296296
"703",6,9.9,0.569444444444444
"704",7,9.8,0.724537037037037
"705",1,6.8,0.62037037037037
"706",2,8,0.30787037037037
"707",3,10,0.506944444444444
"708",4,5.8,0.659722222222222
"709",5,8.4,0.668981481481482
"710",6,9.5,0.715277777777778
"711",7,10,0.756944444444444
"712",1,9.9,0.541666666666667
"713",2,10,0.18287037037037
"714",3,9.9,0.833333333333333
"715",4,9.6,0.659722222222222
"716",5,8,0.451388888888889
"717",6,10,0.604166666666667
"718",7,10,0.675925925925926
"719",1,10,0.335648148148148
"720",2,9.8,0.113425925925926
"721",3,9.7,0.476851851851852
"722",4,6.6,0.861111111111111
"723",5,2.1,0.368055555555556
"725",7,10,0.199074074074074
"726",1,10,0.106481481481481
"728",3,9.9,0.118055555555556
"729",4,10,0.252314814814815
"730",5,9.9,0.233796296296296
"731",6,9.9,0.080338266384778
"732",7,10,0.179704016913319
"733",1,9.5,0.209302325581395
"734",2,1.9,0.0507399577167019
"735",3,7.6,0.298097251585624
"736",4,8.8,0.887949260042283
"737",5,9.4,0.382663847780127
"738",6,9.9,0.456659619450317
"739",7,9.5,0.832980972515856
"740",1,10,0.26215644820296
"742",3,7.7,0.471458773784355
"743",4,8.4,0.54122621564482
"744",5,8,0.315010570824524
"745",6,2.8,0.403805496828753
"746",7,10,0.435517970401691
"747",1,10,0.291754756871036
"749",3,8.2,0.293868921775899
"750",4,10,0.302325581395349
"751",5,10,0.291754756871036
"752",6,8.4,0.319238900634249
"753",7,10,0.509513742071882
"754",1,6.7,0.150105708245243
"755",2,9.4,0.103594080338266
"756",3,6.7,0.268498942917548
"758",5,6.6,0.213530655391121
"759",6,10,0.342494714587738
"760",7,8.4,0.560253699788584
"761",1,7.8,0.357293868921776
"762",2,10,0.00845665961945032
"763",3,5.7,0.682875264270613
"764",4,9.3,0.809725158562368
"765",5,10,0.482029598308668
"766",6,7.2,0.448202959830867
"767",7,9.8,0.623678646934461
"768",1,9.5,0.194503171247357
"769",2,7.6,0.0782241014799154
"770",3,6.3,0.40169133192389
"771",4,7.4,0.452431289640592
"772",5,9.9,0.534883720930233
"773",6,8.9,0.357293868921776
"774",7,8.1,0.845665961945032
"775",1,8.6,0.167019027484144
"776",2,4.6,0.20507399577167
"777",3,8.6,0.0951374207188161
"778",4,6.5,0.556025369978858
"779",5,10,0.568710359408034
"780",6,6.9,0.334038054968288
"781",7,9.5,0.558139534883721
"782",1,10,0.338266384778013
"783",2,2.6,0.342494714587738
"784",3,6,0.45877378435518
"785",4,10,0.471458773784355
"786",5,7.9,0.572938689217759
"787",6,7.5,0.384778012684989
"788",7,10,0.731501057082452
"789",1,10,0.382663847780127
"790",2,9.1,0.710359408033827
"791",3,6.8,0.619450317124736
"792",4,10,0.579281183932347
"793",5,3.1,0.45877378435518
"794",6,1.6,1
"796",1,9.9,0.46723044397463
"797",2,9.2,0.226215644820296
"798",3,9.6,0.642706131078224
"799",4,9.9,0.479915433403805
"800",5,5,0.439746300211416
"801",6,10,0.484143763213531
"802",7,10,0.53276955602537
"803",1,5.8,0.317124735729387
"804",2,7,0.215644820295983
"805",3,9,0.363636363636364
"806",4,7.9,0.361522198731501
"807",5,10,0.40169133192389
"808",6,10,0.47568710359408
"809",7,9,0.450317124735729
"810",1,7,0.317124735729387
"811",2,9.4,0.158562367864693
"812",3,10,0.484143763213531
"813",4,10,0.515856236786469
"814",5,9.9,0.382663847780127
"815",6,4.2,0.355179704016913
"816",7,5.1,0.369978858350951
"817",1,7.8,0.215644820295983
"818",2,9.5,0.312896405919662
"819",3,9.8,0.420718816067653
"820",4,9.8,0.572938689217759
"821",5,9.8,0.615221987315011
"822",6,9.9,0.625792811839323
"823",7,5.9,0.283298097251586
"824",1,4.8,0.317124735729387
"825",2,10,0.137420718816068
"826",3,9.5,0.323467230443975
"827",4,8.6,0.200845665961945
"828",5,10,0.211416490486258
"829",6,4.5,0.200845665961945
"830",7,3.6,0.272727272727273
"831",1,5.1,0.463002114164905
"832",2,10,0.181818181818182
"833",3,10,0.416490486257928
"834",4,8.9,0.391120507399577
"835",5,8.3,0.503171247357294
"836",6,10,0.429175475687104
"837",7,6.9,0.680761099365751
"838",1,7.3,0.52431289640592
"839",2,9.9,0.241014799154334
"840",3,8.5,0.577167019027484
"841",4,3.6,0.608879492600423
"842",5,10,0.446088794926004
"843",6,9.8,0.539112050739958
"844",7,10,0.674418604651163
"845",1,9.9,0.496828752642706
"846",2,9.8,0.25369978858351
"847",3,10,0.424947145877378
"848",4,9.8,0.54122621564482
"849",5,9.8,0.680761099365751
"850",6,10,0.59830866807611
"851",7,9.6,0.602536997885835
"852",1,10,0.386892177589852
"853",2,9.9,0.418604651162791
"854",3,9.9,0.600422832980973
"855",4,9.8,0.594080338266385
"856",5,9.7,0.446088794926004
"857",6,9.8,0.691331923890063
"858",7,7.1,0.744186046511628
"859",1,4.4,0.429175475687104
"860",2,0.8,0.405919661733615
"861",3,0.8,0.608879492600423
"862",4,0.9,0.691331923890063
"863",5,8.7,0.630021141649049
"864",6,10,0.627906976744186
"865",7,10,0.773784355179704
"866",1,9.9,0.619450317124736
"867",2,9.4,0.39323467230444
"868",3,5.7,0.441860465116279
"869",4,2.3,0.526427061310782
"870",5,6.1,0.653276955602537
"871",6,10,0.545454545454545
"872",7,9.1,0.782241014799154
"873",1,10,0.399577167019027
"874",2,10,0.158562367864693
"875",3,10,0.133192389006343
"876",4,9.8,0.695560253699789
"877",5,8.5,0.718816067653277
"878",6,9.2,0.687103594080338
"879",7,9.2,0.964059196617336
"880",1,4.2,0.560253699788584
"881",2,7.1,0.418604651162791
"882",3,4.9,0.706131078224101
"883",4,6.6,0.602536997885835
"884",5,10,0.636363636363636
"885",6,10,0.412262156448203
"886",7,10,0.708245243128964
"887",1,8.4,0.509513742071882
"888",2,10,0.427061310782241
"889",3,10,0.585623678646934
"890",4,7.9,0.623678646934461
"891",5,6.4,0.6553911205074
"892",6,9.1,0.653276955602537
"893",7,5.9,0.198731501057082
"894",1,6,0.080338266384778
"895",2,10,0.46723044397463
"896",3,8,0.315010570824524
"897",4,3.6,0.498942917547569
"898",5,8.4,0.73784355179704
"899",6,10,0.545454545454545
"900",7,10,0.792811839323467
"901",1,10,0.312896405919662
"902",2,6.2,0.556025369978858
"903",3,6.2,0.881606765327696
"904",4,7.8,0.731501057082452
"905",5,8.2,0.890063424947146
"906",6,10,0.661733615221987
"907",7,9.9,0.881606765327696
"908",1,9.2,0.503171247357294
"909",2,4.3,0.376321353065539
"910",3,7.4,0.644820295983087
"911",4,9.3,0.560253699788584
"912",5,6.5,0.689217758985201
"913",6,7.1,0.520084566596195
"914",7,7.6,0.405919661733615
"915",1,8,0.0676532769556025
"916",2,9.3,0.232558139534884
"917",3,8.8,0.509513742071882
"918",4,7.4,0.610993657505285
"919",5,3.8,0.556025369978858
"920",6,8.5,0.443974630021142
"921",7,8.7,0.744186046511628
"922",1,10,0.507399577167019
"923",2,9.7,0.346723044397463
"924",3,8.3,0.657505285412262
"925",4,9.8,0.634249471458774
"926",5,6.8,0.536997885835095
"927",6,9.2,0.695560253699789
"928",7,10,0.638477801268499
"929",1,10,0.431289640591966
"930",2,6.9,0.397463002114165
"931",3,4.1,0.782241014799154
"932",4,3.6,0.526427061310782
"933",5,7.8,0.551797040169133
"934",6,10,0.562367864693446
"935",7,10,0.281183932346723
"936",1,9.7,0.198731501057082
"937",2,8.8,0.41014799154334
"938",3,9.9,0.568710359408034
"939",4,9,0.604651162790698
"940",5,5.4,0.575052854122622
"941",6,6.2,0.761099365750529
"942",7,8.5,0.837209302325581
"943",1,8.9,0.657505285412262
"944",2,9,0.408033826638478
"945",3,9.1,0.735729386892178
"946",4,6.1,0.653276955602537
"947",5,7.6,0.553911205073996
"948",6,10,0.577167019027484
"949",7,10,0.780126849894292
"950",1,10,0.397463002114165
"951",2,9.2,0.27906976744186
"952",3,9.3,0.536997885835095
"953",4,7.5,0.515856236786469
"954",5,7.2,0.604651162790698
"955",6,8.4,0.754756871035941
"956",7,8.6,0.78646934460888
"957",1,8.2,0.47568710359408
"958",2,9.5,0.412262156448203
"959",3,7.6,0.496828752642706
"960",4,8.8,0.562367864693446
"961",5,6.3,0.501057082452431
"962",6,6.4,0.513742071881607
"963",7,7.1,0.837209302325581
"964",1,4.8,0.473572938689218
"965",2,4.7,0.285412262156448
"966",3,3.8,0.460887949260042
"967",4,9.7,0.503171247357294
"968",5,9.2,0.526427061310782
"969",6,10,0.543340380549683
"970",7,10,0.53276955602537
"971",1,10,0.384778012684989
"972",2,10,0.435517970401691
"973",3,9,0.543340380549683
"974",4,9.4,0.568710359408034
"975",5,9.7,0.627906976744186
"976",6,7.5,0.651162790697674
"977",7,6.8,0.604651162790698
"978",1,10,0.389006342494715
"979",2,10,0.310782241014799
"980",3,10,0.27061310782241
"981",4,9.1,0.92600422832981
"982",5,7.6,0.809725158562368
"983",6,5.6,0.758985200845666
"984",7,9.5,0.862579281183932
"985",1,9.9,0.416490486257928
"986",2,8.8,0.255813953488372
"987",3,10,0.469344608879493
"988",4,10,0.469344608879493
"989",5,10,0.826638477801269
"990",6,7.8,0.818181818181818
"991",7,7.9,0.852008456659619
"992",1,6.6,0.630021141649049
"993",2,7.5,0.420718816067653
"994",3,10,0.564482029598309
"995",4,10,0.452431289640592
"996",5,10,0.304439746300211
"997",6,10,0.553911205073996
"998",7,10,0.482029598308668
"999",1,10,0.422832980972516
"1000",2,10,0.287526427061311
"1001",3,9.7,0.484143763213531
"1002",4,8.5,0.422832980972516
"1003",5,4.1,0.585623678646934
"1004",6,8.1,0.689217758985201
"1005",7,4.1,0.932346723044397
"1006",1,7.9,0.420718816067653
"1007",2,10,0.378435517970402
"1008",3,10,0.507399577167019
"1009",4,10,0.579281183932347
"1010",5,10,0.657505285412262
"1011",6,10,0.653276955602537
"1012",7,9.8,0.86046511627907
"1013",1,9,0.617336152219873
"1014",2,10,0.427061310782241
"1015",3,9.7,0.312896405919662
"1016",4,6.5,0.775898520084567
"1017",5,9,0.636363636363636
"1018",6,10,0.689217758985201
"1019",7,9.8,0.674418604651163
"1020",1,10,0.439746300211416
"1021",2,10,0.41014799154334
"1022",3,10,0.6553911205074
"1023",4,9.7,0.754756871035941
"1024",5,9.9,0.767441860465116
"1025",6,8.8,0.653276955602537
"1026",7,10,0.813953488372093
"1027",1,10,0.342494714587738
"1028",2,9.7,0.348837209302326
"1029",3,10,0.720930232558139
"1030",4,10,0.579281183932347
"1031",5,9.3,0.701902748414376
"1032",6,3.5,0.866807610993658
"1033",7,10,0.699788583509514
"1034",1,10,0
"1036",3,9.5,0.54122621564482
"1037",4,8.2,0.630021141649049
"1038",5,9.7,0.665961945031712
"1039",6,9.1,0.704016913319239
"1040",7,4.3,0.547568710359408
"1041",1,6.9,0.302325581395349
"1042",2,10,0.243128964059197
"1043",3,10,0.545454545454545
"1044",4,9.3,0.845665961945032
"1045",5,4,0.365750528541226
"1046",6,7.3,0.591966173361522
"1047",7,9.8,0.676532769556025
"1048",1,10,0.54122621564482
"1049",2,10,0.302325581395349
"1050",3,10,0.551797040169133
"1051",4,10,0.691331923890063
"1052",5,10,0.572938689217759
"1053",6,10,0.930232558139535
"1054",7,7.2,0.976744186046512
"1055",1,10,0.507399577167019
"1056",2,8.1,0.156448202959831
"1057",3,8.5,0.733615221987315
"1058",4,10,0.79492600422833
"1059",5,10,0.761099365750529
"1060",6,10,0.0549682875264271
"1061",7,9.8,0.260042283298097
"1062",1,9.1,0.319238900634249
"1063",2,9.6,0.202959830866808
"1064",3,10,0.536997885835095
"1065",4,9.3,0.822410147991543
"1066",5,2.3,0.630021141649049
"1067",6,6.4,0.562367864693446
"1068",7,10,0.682875264270613
"1069",1,10,0.575052854122622
"1070",2,8.5,0.27061310782241
"1071",3,8,0.657505285412262
"1072",4,7.8,0.551797040169133
"1073",5,10,0.460887949260042
"1074",6,9,0.657505285412262
"1075",7,6.1,0.712473572938689
"1076",1,8.1,0.46723044397463
"1077",2,8.1,0.405919661733615
"1078",3,6.7,0.591966173361522
"1079",4,5.9,0.841437632135307
"1080",5,10,0.668076109936575
"1081",6,8.8,0.820295983086681
"1082",7,2.4,0.866807610993658
"1083",1,10,0.564482029598309
"1084",2,10,0.302325581395349
"1085",3,9.4,0.539112050739958
"1086",4,4.4,0.723044397463002
"1087",5,3.9,0.947145877378435
"1088",6,2.1,0.520084566596195
"1090",1,8.9,0.080338266384778
"1091",2,4.5,0.340380549682875
"1092",3,9.3,0.281183932346723
"1093",4,6.1,0.372093023255814
"1094",5,9.4,0.304439746300211
"1095",6,9.5,0.359408033826638
"1096",7,9.8,0.0600858369098712
"1097",1,10,0.122317596566524
"1098",2,10,0.143776824034335
"1099",3,10,0.506437768240343
"1100",4,7.9,0.590128755364807
"1101",5,10,0.55793991416309
"1102",6,10,0.379828326180258
"1103",7,9.9,0.508583690987124
"1104",1,10,0.405579399141631
"1105",2,4.9,0.208154506437768
"1106",3,8.4,0.675965665236052
"1107",4,10,0.583690987124464
"1108",5,9.6,0.515021459227468
"1109",6,8.1,0.497854077253219
"1110",7,10,0.766094420600858
"1111",1,7.3,0.424892703862661
"1112",2,9.2,0.184549356223176
"1113",3,8.8,0.248927038626609
"1114",4,10,0.637339055793991
"1115",5,10,0.553648068669528
"1116",6,10,0.645922746781116
"1117",7,10,0.723175965665236
"1118",1,6.1,0.0793991416309013
"1119",2,6.3,0.32618025751073
"1120",3,10,0.628755364806867
"1121",4,9.1,0.791845493562232
"1122",5,7.5,0.65450643776824
"1123",6,10,0.678111587982833
"1124",7,10,0.600858369098712
"1125",1,10,0.495708154506438
"1126",2,8.6,0.358369098712446
"1127",3,6.9,0.753218884120172
"1128",4,10,0.742489270386266
"1129",5,9.5,0.459227467811159
"1130",6,3.1,0.523605150214592
"1131",7,3.5,0.51931330472103
"1132",1,9.9,0.40343347639485
"1133",2,10,0.124463519313305
"1134",3,3.8,0.291845493562232
"1135",4,8.1,0.44206008583691
"1136",5,9.1,0.369098712446352
"1137",6,9.5,0.551502145922747
"1138",7,10,0.564377682403433
"1139",1,7.4,0.246781115879828
"1142",4,4.8,0.536480686695279
"1143",5,6.2,0.343347639484979
"1144",6,10,0.487124463519313
"1145",7,10,0.358369098712446
"1146",1,8.8,0.407725321888412
"1147",2,8.4,0.248927038626609
"1148",3,10,0.536480686695279
"1149",4,10,0.553648068669528
"1150",5,6,0.633047210300429
"1151",6,4.2,0.639484978540773
"1152",7,9.5,0.238197424892704
"1153",1,10,0.0493562231759657
"1154",2,10,0.309012875536481
"1155",3,7.2,0.53862660944206
"1156",4,9.3,0.637339055793991
"1157",5,6.8,0.618025751072961
"1158",6,10,0.55793991416309
"1159",7,6.9,0.686695278969957
"1160",1,9.1,0.506437768240343
"1161",2,10,0.289699570815451
"1162",3,9.9,0.44206008583691
"1163",4,8.8,0.572961373390558
"1164",5,8,0.633047210300429
"1165",6,7.6,0.566523605150215
"1166",7,7.6,0.658798283261803
"1167",1,8.8,0.55793991416309
"1168",2,10,0.150214592274678
"1169",3,9.5,0.590128755364807
"1170",4,3.4,0.521459227467811
"1171",5,7.7,0.566523605150215
"1172",6,5.9,0.530042918454936
"1173",7,9.9,0.598712446351931
"1174",1,10,0.375536480686695
"1175",2,10,0.244635193133047
"1176",3,7.3,0.540772532188841
"1177",4,10,0.564377682403433
"1178",5,8.5,0.549356223175966
"1179",6,9.6,0.579399141630901
"1180",7,2.7,0.388412017167382
"1181",1,9.3,0.354077253218884
"1182",2,9.8,0.201716738197425
"1183",3,5.9,0.628755364806867
"1184",4,9.7,0.682403433476395
"1185",5,10,0.611587982832618
"1186",6,8.7,0.61587982832618
"1187",7,2.2,0.723175965665236
"1188",1,5,0.497854077253219
"1189",2,8.3,0.472103004291845
"1190",3,8.2,0.682403433476395
"1191",4,9.8,0.658798283261803
"1192",5,10,0.564377682403433
"1193",6,7.6,0.568669527896996
"1194",7,7.3,0.710300429184549
"1195",1,10,0.412017167381974
"1196",2,10,0.28755364806867
"1197",3,9.9,0.555793991416309
"1198",4,6.4,0.585836909871245
"1199",5,9.8,0.718884120171674
"1200",6,10,0.663090128755365
"1201",7,10,0.789699570815451
"1202",1,10,0.67381974248927
"1203",2,10,0.435622317596566
"1204",3,10,0.690987124463519
"1205",4,9.8,0.78755364806867
"1206",5,10,0.71244635193133
"1207",6,10,0.706008583690987
"1208",7,8.7,0.8068669527897
"1209",1,5.6,0.609442060085837
"1210",2,10,0.178111587982833
"1211",3,10,0.263948497854077
"1212",4,9,0.244635193133047
"1213",5,10,0.311158798283262
"1214",6,10,0.266094420600858
"1215",7,10,0.32618025751073
"1216",1,10,0.463519313304721
"1217",2,9.7,0.255364806866953
"1218",3,4.9,0.48068669527897
"1219",4,8.2,0.742489270386266
"1220",5,7.9,0.618025751072961
"1221",6,5.9,0.560085836909871
"1222",7,9.4,0.778969957081545
"1223",1,5.1,0.44206008583691
"1224",2,2.9,0.484978540772532
"1225",3,10,0.603004291845494
"1226",4,10,0.521459227467811
"1227",5,10,0.716738197424893
"1228",6,9.4,0.813304721030043
"1229",7,6.6,0.860515021459227
"1230",1,6.9,0.48068669527897
"1231",2,8.9,0.311158798283262
"1232",3,10,0.809012875536481
"1233",4,10,0.555793991416309
"1234",5,10,0.667381974248927
"1235",6,10,0.706008583690987
"1236",7,10,0.894849785407725
"1237",1,9.7,0.435622317596566
"1238",2,9,0.44206008583691
"1239",3,10,0.61587982832618
"1240",4,4.4,0.708154506437768
"1241",5,7.7,0.789699570815451
"1242",6,9.7,0.809012875536481
"1243",7,6.5,0.862660944206009
"1244",1,9.2,0.562231759656652
"1245",2,10,0.431330472103004
"1246",3,2,0.227467811158798
"1247",4,4.9,0.847639484978541
"1248",5,7.6,0.873390557939914
"1249",6,6.8,0.682403433476395
"1250",7,7.8,0.740343347639485
"1251",1,4.2,0.579399141630901
"1252",2,3.4,0.216738197424893
"1253",3,3.9,0.843347639484979
"1254",4,3.8,0.738197424892704
"1255",5,8.4,0.854077253218884
"1256",6,10,0.688841201716738
"1257",7,10,0.972103004291845
"1258",1,9.8,0.469957081545064
"1259",2,7.3,0.476394849785408
"1260",3,10,0.603004291845494
"1261",4,10,0.755364806866953
"1262",5,10,0.802575107296137
"1263",6,10,0.695278969957081
"1264",7,10,0.821888412017167
"1265",1,10,0.718884120171674
"1266",2,10,0.416309012875536
"1267",3,10,0.815450643776824
"1268",4,7.4,0.678111587982833
"1269",5,7.2,0.828326180257511
"1270",6,8.3,0.59656652360515
"1271",7,8.8,0.957081545064378
"1272",1,10,0.6931330472103
"1273",2,10,0.465665236051502
"1274",3,10,0.757510729613734
"1275",4,7.5,0.665236051502146
"1276",5,7.2,0.690987124463519
"1277",6,5.9,0.849785407725322
"1278",7,7.8,0.830472103004292
"1279",1,7.2,0.439914163090129
"1280",2,10,0.178111587982833
"1281",3,9.9,0.263948497854077
"1282",4,6.2,0.639484978540773
"1283",5,8.6,0.675965665236052
"1284",6,4.1,0.510729613733906
"1285",7,3.2,0.530042918454936
"1286",1,6.5,0.285407725321888
"1287",2,6.8,0.3068669527897
"1288",3,9.9,0.542918454935622
"1289",4,10,0.637339055793991
"1290",5,10,0.51931330472103
"1291",6,9.3,0.8068669527897
"1292",7,5.2,0.929184549356223
"1293",1,7,0.553648068669528
"1294",2,4.1,0.448497854077253
"1295",3,4.1,0.772532188841202
"1296",4,8.3,0.716738197424893
"1297",5,10,0.714592274678112
"1298",6,10,0.785407725321888
"1299",7,9,0.866952789699571
"1300",1,7.3,0.611587982832618
"1301",2,10,0.431330472103004
"1302",3,9.9,0.714592274678112
"1303",4,9,0.6931330472103
"1304",5,10,0.697424892703863
"1305",6,9.7,0.738197424892704
"1306",7,6,0.877682403433476
"1307",1,9,0.502145922746781
"1308",2,6.7,0.351931330472103
"1309",3,9.3,0.437768240343348
"1310",4,9.7,0.508583690987124
"1311",5,10,0.690987124463519
"1312",6,10,0.751072961373391
"1313",7,9.3,0.718884120171674
"1314",1,9.8,0.457081545064378
"1315",2,8.1,0.375536480686695
"1316",3,10,0.572961373390558
"1317",4,10,0.611587982832618
"1318",5,9.9,0.542918454935622
"1319",6,4.7,0.658798283261803
"1320",7,4.5,0.781115879828326
"1321",1,5.4,0.534334763948498
"1322",2,4.6,0.334763948497854
"1323",3,8.8,0.59656652360515
"1324",4,10,0.598712446351931
"1325",5,8.4,0.628755364806867
"1326",6,9.9,0.579399141630901
"1327",7,10,0.733905579399142
"1328",1,10,0.459227467811159
"1329",2,9.6,0.315450643776824
"1330",3,6.7,0.652360515021459
"1331",4,10,0.583690987124464
"1332",5,10,0.579399141630901
"1333",6,10,0.630901287553648
"1334",7,9.7,0.839055793991416
"1335",1,7.7,0.555793991416309
"1336",2,8.7,0.416309012875536
"1337",3,9.8,0.660944206008584
"1338",4,10,0.551502145922747
"1339",5,10,0.63519313304721
"1340",6,9.7,0.665236051502146
"1341",7,9.4,0.71244635193133
"1342",1,10,0.285407725321888
"1343",2,10,0.216738197424893
"1344",3,7,0.11587982832618
"1345",4,7.9,0.560085836909871
"1346",5,8.4,0.607296137339056
"1347",6,6.3,0.755364806866953
"1348",7,5.9,0.751072961373391
"1349",1,6.7,0.5
"1350",2,6.4,0.371244635193133
"1351",3,10,0.607296137339056
"1352",4,10,0.888412017167382
"1353",5,10,0.888412017167382
"1354",6,10,0.841201716738197
"1355",7,10,0.890557939914163
"1356",1,9.7,0.603004291845494
"1357",2,9.3,0.36480686695279
"1358",3,7.6,0.675965665236052
"1359",4,8.7,0.545064377682403
"1360",5,5.3,0.549356223175966
"1361",6,10,0.633047210300429
"1362",7,9.5,0.959227467811159
"1363",1,10,0.530042918454936
"1364",2,10,0.444206008583691
"1365",3,10,0.553648068669528
"1366",4,7.1,0.630901287553648
"1367",5,5.7,0.583690987124464
"1368",6,9.3,0.555793991416309
"1370",1,1.7,0.463519313304721
"1371",2,4.4,0.259656652360515
"1372",3,9.9,0.268240343347639
"1373",4,9.7,0.339055793991416
"1374",5,10,0.708154506437768
"1375",6,10,0.856223175965665
"1376",7,6.9,0.834763948497854
"1377",1,8.5,0.575107296137339
"1378",2,6.4,0.246781115879828
"1379",3,8,0.373390557939914
"1380",4,10,0.802575107296137
"1381",5,10,0.285407725321888
"1382",6,9.9,0.841201716738197
"1383",7,10,0.862660944206009
"1384",1,10,0.592274678111588
"1385",2,10,0.296137339055794
"1386",3,8.4,0.472103004291845
"1387",4,4.6,0.482832618025751
"1388",5,6.4,0.667381974248927
"1389",6,9.1,0.637339055793991
"1391",1,3.5,0.566523605150215
"1392",2,10,0.362660944206009
"1393",3,9.9,0.446351931330472
"1394",4,10,0.431330472103004
"1395",5,10,0.731759656652361
"1396",6,9.8,1
"1397",7,7.7,0.929184549356223
"1398",1,8.8,0.534334763948498
"1399",2,9.3,0.412017167381974
"1400",3,8.2,0.622317596566524
"1401",4,10,0.78755364806867
"1402",5,10,0.643776824034335
"1403",6,5.1,0.695278969957081
"1404",7,10,0.88412017167382
"1405",1,10,0.560085836909871
"1406",2,9,0.358369098712446
"1407",3,9.6,0.716738197424893
"1408",4,10,0.547210300429185
"1409",5,8.8,0.377682403433476
"1410",6,10,0.731759656652361
"1411",7,10,0.643776824034335
"1412",1,10,0.510729613733906
"1413",2,10,0.328326180257511
"1414",3,9.6,0.650214592274678
"1415",4,8.6,0.8068669527897
"1416",5,8,0.729613733905579
"1417",6,9.6,0.733905579399142
"1418",7,10,0.881974248927039
"1419",1,6.6,0.701716738197425
"1420",2,5.5,0.351931330472103
"1421",3,10,0.684549356223176
"1422",4,10,0.858369098712446
"1423",5,10,0.948497854077253
"1424",6,10,0.13519313304721
"1425",7,10,0.1931330472103
"1426",1,6.8,0.210300429184549
"1427",2,10,0.216738197424893
"1428",3,10,0.605150214592275
"1429",4,8.5,0.830472103004292
"1430",5,4.1,0.783261802575107
"1431",6,6.6,0.791845493562232
"1432",7,10,0.697424892703863
"1433",1,10,0.487124463519313
"1434",2,10,0.251072961373391
"1435",3,9.5,0.914163090128755
"1436",4,10,0.742489270386266
"1437",5,8.8,0.583690987124464
"1438",6,9.8,0.579399141630901
"1439",7,10,0.721030042918455
"1440",1,10,0.407725321888412
"1441",2,10,0.336909871244635
"1442",3,6.5,0.643776824034335
"1443",4,9.8,0.568669527896996
"1444",5,9.8,0.695278969957081
"1445",6,8.8,0.824034334763948
"1446",7,10,0.916309012875536
"1447",1,5.9,0.553648068669528
"1448",2,2.5,0.334763948497854
"1449",3,9.9,0.766094420600858
"1450",4,10,0.759656652360515
"1451",5,10,0.667381974248927
"1452",6,10,0.718884120171674
"1453",7,10,0.701716738197425
"1454",1,8.2,0.405579399141631
"1455",2,10,0
"1456",3,10,0.0622317596566524
"1457",4,4.4,0.437768240343348
"1458",5,10,0.388412017167382
"1459",6,8.6,0.379828326180258
"1460",7,9.5,0.467811158798283
"1461",1,10,0.214592274678112
"1462",2,9,0.240506329113924
"1463",3,10,0.164556962025316
"1464",4,5.4,0.607594936708861
"1465",5,6.2,0.462025316455696
"1466",6,10,0.381856540084388
"1467",7,6.1,0.483122362869198
"1469",2,6.1,0.0738396624472574
"1470",3,10,0.628691983122363
"1471",4,10,0.476793248945148
"1472",5,6.5,0.544303797468354
"1473",6,5.4,0.580168776371308
"1474",7,7.2,0.491561181434599
"1475",1,10,0.261603375527426
"1476",2,9,0.251054852320675
"1477",3,10,0.223628691983122
"1478",4,9.6,0.60337552742616
"1479",5,4.5,0.375527426160338
"1480",6,7.4,0.5042194092827
"1481",7,10,0.493670886075949
"1482",1,6.7,0.219409282700422
"1483",2,4.5,0.0843881856540084
"1484",3,8.8,0.624472573839662
"1485",4,2.3,0.407172995780591
"1486",5,8.5,0.432489451476793
"1487",6,9,0.40506329113924
"1488",7,9.9,0.447257383966245
"1489",1,10,0.274261603375527
"1490",2,9.9,0.120253164556962
"1491",3,9.7,0.367088607594937
"1492",4,8.2,0.421940928270042
"1493",5,9.7,0.428270042194093
"1494",6,10,0.453586497890295
"1495",7,10,0.50210970464135
"1496",1,10,0.358649789029536
"1497",2,9.5,0.122362869198312
"1498",3,10,0.415611814345992
"1499",4,8.4,0.537974683544304
"1500",5,2.8,0.637130801687764
"1501",6,7,0.286919831223629
"1502",7,7.9,0.710970464135021
"1503",1,8.4,0.29535864978903
"1504",2,7.9,0.143459915611814
"1505",3,6.5,0.571729957805907
"1506",4,10,0.668776371308017
"1507",5,7.5,0.489451476793249
"1508",6,9.2,0.592827004219409
"1509",7,10,0.651898734177215
"1510",1,9.8,0.419831223628692
"1511",2,9.5,0.141350210970464
"1512",3,10,0.120253164556962
"1513",4,10,0.236286919831224
"1514",5,9.7,0.223628691983122
"1515",6,5.2,0.443037974683544
"1516",7,6.9,0.60337552742616
"1517",1,6.5,0.426160337552743
"1518",2,7.3,0.191983122362869
"1519",3,10,0.356540084388186
"1520",4,9,0.464135021097046
"1521",5,2,0.421940928270042
"1522",6,6.9,0.594936708860759
"1523",7,10,0.789029535864979
"1524",1,9.9,0.348101265822785
"1525",2,10,0.248945147679325
"1526",3,10,0.521097046413502
"1527",4,9.2,0.561181434599156
"1528",5,5.5,0.50210970464135
"1529",6,9.1,0.620253164556962
"1530",7,5.8,0.508438818565401
"1531",1,9.4,0.373417721518987
"1532",2,10,0.305907172995781
"1533",3,10,0.888185654008439
"1534",4,6,0.00632911392405063
"1535",5,7.5,0.588607594936709
"1536",6,9.8,0.987341772151899
"1537",7,10,0.812236286919831
"1538",1,10,0.280590717299578
"1539",2,5.6,0.377637130801688
"1540",3,9.4,0.79957805907173
"1541",4,10,0.559071729957806
"1542",5,10,0.518987341772152
"1543",6,10,0.70042194092827
"1544",7,9.9,0.59704641350211
"1545",1,8.2,0.421940928270042
"1546",2,9.5,0.179324894514768
"1547",3,6.4,0.544303797468354
"1548",4,5,0.466244725738397
"1549",5,8.3,0.635021097046414
"1550",6,10,0.565400843881857
"1551",7,9.2,0.805907172995781
"1552",1,3.3,0.464135021097046
"1553",2,9.3,0.30168776371308
"1554",3,10,0.580168776371308
"1555",4,6.3,0.478902953586498
"1556",5,7.8,0.455696202531646
"1557",6,7.9,0.721518987341772
"1558",7,6.9,0.681434599156118
"1559",1,9.8,0.540084388185654
"1560",2,10,0.358649789029536
"1561",3,10,0.554852320675105
"1562",4,8.8,0.312236286919831
"1563",5,8.3,0.356540084388186
"1564",6,9.5,0.462025316455696
"1565",7,10,0.30379746835443
"1566",1,9.7,0.261603375527426
"1567",2,5.3,0.232067510548523
"1568",3,8.7,0.246835443037975
"1569",4,10,0.305907172995781
"1570",5,10,0.440928270042194
"1571",6,5.9,0.550632911392405
"1572",7,4.6,0.672995780590717
"1573",1,5.7,0.379746835443038
"1574",2,10,0.308016877637131
"1575",3,10,0.358649789029536
"1576",4,6.7,0.742616033755274
"1577",5,1.1,0.546413502109705
"1578",6,3,0.668776371308017
"1580",1,2.7,0.611814345991561
"1581",2,9.8,0.208860759493671
"1582",3,5,0.565400843881857
"1583",4,2.2,0.784810126582278
"1584",5,9.5,0.723628691983122
"1585",6,10,0.69620253164557
"1586",7,7.6,0.854430379746835
"1587",1,2.6,0.662447257383966
"1588",2,7.1,0.30168776371308
"1589",3,10,0.563291139240506
"1590",4,10,0.590717299578059
"1591",5,9.9,0.626582278481013
"1592",6,10,0.664556962025316
"1593",7,9.7,0.940928270042194
"1594",1,10,0.658227848101266
"1595",2,5.6,0.552742616033755
"1596",3,10,0.755274261603376
"1597",4,10,0.681434599156118
"1598",5,9.8,0.805907172995781
"1601",1,10,0.508438818565401
"1602",2,10,0.521097046413502
"1603",3,9.5,0.734177215189873
"1604",4,7.5,0.607594936708861
"1605",5,9,0.569620253164557
"1606",6,5.6,0.782700421940928
"1607",7,6.2,0.854430379746835
"1608",1,10,0.219409282700422
"1609",2,9.4,0.219409282700422
"1610",3,8.1,0
"1611",4,8.1,0.582278481012658
"1612",5,3.6,0.628691983122363
"1613",6,3,0.59704641350211
"1614",7,8.3,0.772151898734177
"1615",1,10,0.561181434599156
"1616",2,10,0.20464135021097
"1617",3,7,0.60126582278481
"1618",4,5.1,0.609704641350211
"1619",5,8.4,0.641350210970464
"1620",6,9.2,0.609704641350211
"1621",7,9.1,0.841772151898734
"1622",1,9.3,0.620253164556962
"1623",2,9.3,0.69831223628692
"1624",3,8,0.913502109704641
"1625",4,7.6,0.966244725738397
"1626",5,9.3,0.808016877637131
"1627",6,10,0.843881856540084
"1628",7,9.9,0.60337552742616
"1629",1,4.3,0.59704641350211
"1630",2,0.7,0.468354430379747
"1631",3,0.9,0.945147679324895
"1632",4,1.1,0.932489451476793
"1633",5,5.4,0.786919831223629
"1634",6,7.8,1
"1635",7,6.3,0.890295358649789
"1636",1,4.6,0.805907172995781
"1637",2,9.4,0.462025316455696
"1638",3,9.8,0.628691983122363
"1639",4,9.9,0.814345991561181
"1640",5,9.9,0.757383966244726
"1641",6,9.9,0.835443037974684
"1642",7,8.8,0.793248945147679
"1643",1,5.9,0.472573839662447
"1644",2,4.2,0.350210970464135
"1645",3,8.2,0.518987341772152
"1646",4,9.8,0.111814345991561
"1647",5,9.9,0.706751054852321
"1648",6,9.9,0.506329113924051
"1649",7,5.2,0.639240506329114
"1650",1,5.4,0.451476793248945
"1651",2,9.3,0.29746835443038
"1652",3,9.6,0.624472573839662
"1653",4,2.7,0.563291139240506
"1654",5,1.8,0.645569620253165
"1655",6,4.4,0.818565400843882
"1656",7,9,0.708860759493671
"1657",1,8.4,0.586497890295359
"1658",2,5.8,0.30379746835443
"1659",3,3.9,0.565400843881857
"1660",4,4,0.706751054852321
"1661",5,4.2,0.793248945147679
"1662",6,5.3,0.850210970464135
"1663",7,5.7,0.763713080168776
"1664",1,8.8,0.584388185654008
"1665",2,8.7,0.386075949367089
"1666",3,7.5,0.525316455696203
"1667",4,9.5,0.472573839662447
"1668",5,10,0.556962025316456
"1669",6,10,0.5042194092827
"1670",7,10,0.662447257383966
"1671",1,6.9,0.29746835443038
"1672",2,9.6,0.4957805907173
"1673",3,10,0.60126582278481
"1674",4,10,0.704641350210971
"1675",5,9.9,0.521097046413502
"1676",6,9.1,0.721518987341772
"1677",7,2.9,0.816455696202532
"1678",1,2.5,0.426160337552743
"1679",2,9.5,0.312236286919831
"1680",3,10,0.4957805907173
"1681",4,7.8,0.548523206751055
"1682",5,8.2,0.59915611814346
"1683",6,8.8,0.588607594936709
"1684",7,9.3,0.59915611814346
"1685",1,4.2,0.327004219409283
"1686",2,6.1,0.40506329113924
"1687",3,6.1,0.487341772151899
"1688",4,4.3,0.434599156118143
"1689",5,6.8,0.483122362869198
"1690",6,9.1,0.565400843881857
"1691",7,8,0.508438818565401
"1692",1,5.6,0.563291139240506
"1693",2,6.3,0.352320675105485
"1694",3,9.8,0.540084388185654
"1695",4,6.4,0.660337552742616
"1696",5,6.3,0.544303797468354
"1697",6,10,0.548523206751055
"1698",7,10,0.552742616033755
"1699",1,9.9,0.419831223628692
"1700",2,10,0.267932489451477
"1701",3,10,0.449367088607595
"1702",4,9.9,0.512658227848101
"1703",5,7,0.632911392405063
"1704",6,9.6,0.521097046413502
"1705",7,10,0.654008438818565
"1706",1,10,0.40295358649789
"1707",2,6.7,0.310126582278481
"1708",3,9.6,0.339662447257384
"1709",4,6.9,0.708860759493671
"1710",5,6,0.5
"1711",6,7.9,0.883966244725738
"1712",7,9.5,0.778481012658228
"1713",1,10,0.5
"1714",2,9.7,0.341772151898734
"1715",3,10,0.767932489451477
"1716",4,10,0.651898734177215
"1717",5,9.5,0.774261603375527
"1718",6,5.1,0.753164556962025
"1719",7,6.7,0.962025316455696
"1720",1,4.6,0.531645569620253
"1721",2,4.8,0.453586497890295
"1722",3,3.4,0.635021097046414
"1723",4,3.3,0.611814345991561
"1724",5,3.2,0.447257383966245
"1725",6,3.4,0.345991561181435
"1726",7,2.8,0.512658227848101
"1727",1,2.1,0.548523206751055
"1728",2,3.7,0.455696202531646
"1729",3,2.8,0.748945147679325
"1730",4,2.6,0.60126582278481
"1731",5,1.5,0.685654008438819
"1732",6,4.9,0.778481012658228
"1733",7,10,0.814345991561181
"1734",1,9.8,0.377637130801688
"1735",2,10,0.421940928270042
"1736",3,10,0.776371308016878
"1737",4,10,0.666666666666667
"1738",5,10,0.717299578059072
"1739",6,8.4,0.60337552742616
"1740",7,7.4,0.586497890295359
"1741",1,3.9,0.419831223628692
"1742",2,9.2,0.316455696202532
"1743",3,6.2,0.369198312236287
"1744",4,5.9,0.837552742616034
"1745",5,10,0.542194092827004
"1746",6,10,0.489451476793249
"1747",7,10,0.605485232067511
"1748",1,6.7,0.413502109704641
"1749",2,1.4,0.263713080168776
"1750",3,8.8,0.569620253164557
"1751",4,10,0.770042194092827
"1752",5,10,0.772151898734177
"1753",6,10,0.833333333333333
"1754",7,10,0.953586497890295
"1755",1,10,0.447257383966245
"1756",2,10,0.331223628691983
"1757",3,6.5,0.628691983122363
"1758",4,8.7,0.662447257383966
"1759",5,4.9,0.584388185654008
"1760",6,7.8,0.605485232067511
"1761",7,10,0.818565400843882
"1762",1,10,0.514767932489452
"1763",2,9.6,0.510548523206751
"1764",3,6.9,0.972573839662447
"1765",4,10,0.685654008438819
"1766",5,10,0.49789029535865
"1767",6,10,0.791139240506329
"1768",7,3.4,0.854430379746835
"1769",1,9.3,0.510548523206751
"1770",2,10,0.312236286919831
"1771",3,7.4,0.656118143459916
"1772",4,9.8,0.715189873417722
"1773",5,9.7,0.613924050632911
"1774",6,10,0.69831223628692
"1775",7,10,0.744725738396624
"1776",1,10,0.531645569620253
"1777",2,10,0.354430379746835
"1778",3,10,0.691983122362869
"1779",4,10,0.582278481012658
"1780",5,10,0.721518987341772
"1781",6,8.9,0.928270042194093
"1782",7,9.9,0.934599156118143
"1783",1,10,0.544303797468354
"1784",2,7.8,0.426160337552743
"1785",3,10,0.795358649789029
"1786",4,10,0.883966244725738
"1787",5,8,0.850210970464135
"1788",6,10,0.206751054852321
"1789",7,10,0.276371308016878
"1790",1,10,0.179324894514768
"1791",2,9.9,0.240506329113924
"1792",3,10,0.556962025316456
"1793",4,10,0.586497890295359
"1794",5,9.8,0.69620253164557
"1795",6,10,0.616033755274262
"1796",7,10,0.845991561181435
"1797",1,10,0.430379746835443
"1798",2,10,0.162447257383966
"1799",3,10,0.660337552742616
"1800",4,10,0.70253164556962
"1801",5,7.9,0.590717299578059
"1802",6,10,0.679324894514768
"1803",7,10,0.656118143459916
"1804",1,7.8,0.352320675105485
"1805",2,9,0.29957805907173
"1806",3,9.8,0.746835443037975
"1807",4,9.7,0.666666666666667
"1808",5,9.2,0.713080168776371
"1811",1,8,0.611814345991561
"1812",2,10,0.371308016877637
"1813",3,9.7,0.706751054852321
"1814",4,9.3,0.60337552742616
"1815",5,9.9,0.694092827004219
"1816",6,10,0.782700421940928
"1817",7,9.7,0.736286919831224
"1818",1,3.2,0.409282700421941
"1819",2,8.8,0.206751054852321
"1821",4,10,0.362869198312236
"1822",5,10,0.434599156118143
"1823",6,10,0.50210970464135
"1824",7,9.5,0.478902953586498
"1825",1,9.3,0.409282700421941
"1826",2,4.9,0.191983122362869
"1827",3,10,0.123318385650224
"1828",4,10,0.571748878923767
"1829",5,10,0.551569506726457
"1830",6,5.9,0.145739910313901
"1831",7,9.5,0.674887892376682
"1832",1,10,0.448430493273543
"1833",2,10,0.170403587443946
"1834",3,9.9,0.719730941704036
"1835",4,9.3,0.639013452914798
"1836",5,10,0.645739910313901
"1837",6,10,0.665919282511211
"1838",7,5.6,0.683856502242152
"1839",1,3,0.457399103139013
"1840",2,10,0.213004484304933
"1841",3,9.1,0.278026905829596
"1842",4,8.2,0.488789237668161
"1843",5,5.5,0.475336322869955
"1844",6,8.4,0.526905829596413
"1845",7,10,0.448430493273543
"1846",1,10,0.29372197309417
"1847",2,10,0.0426008968609865
"1848",3,7.6,0.358744394618834
"1849",4,4.4,0.295964125560538
"1850",5,8.8,0.484304932735426
"1851",6,10,0.455156950672646
"1852",7,10,0.623318385650224
"1853",1,10,0.248878923766816
"1854",2,4.4,0.0291479820627803
"1855",3,6.9,0.295964125560538
"1856",4,4.3,0.403587443946188
"1857",5,10,0.441704035874439
"1858",6,9.4,0.437219730941704
"1859",7,6.4,0.488789237668161
"1860",1,10,0.177130044843049
"1861",2,9.1,0.318385650224215
"1862",3,5.1,0.688340807174888
"1863",4,10,0.327354260089686
"1864",5,8.4,0.569506726457399
"1865",6,8.4,0.486547085201794
"1866",7,10,0.412556053811659
"1867",1,9,0.336322869955157
"1868",2,1.2,0.179372197309417
"1869",3,3.9,0.322869955156951
"1870",4,10,0.479820627802691
"1871",5,8.5,0.609865470852018
"1872",6,2.2,0.551569506726457
"1873",7,2.9,0.410313901345291
"1874",1,10,0.459641255605381
"1875",2,8.3,0.163677130044843
"1876",3,9.6,0.0807174887892377
"1877",4,2.9,0.304932735426009
"1878",5,0.2,0.452914798206278
"1879",6,8.3,0.338565022421525
"1880",7,9.7,0.334080717488789
"1881",1,5,0.316143497757848
"1882",2,6.4,0.109865470852018
"1883",3,6.5,0.354260089686099
"1884",4,10,0.520179372197309
"1885",5,10,0.571748878923767
"1886",6,10,0.493273542600897
"1888",1,6.2,0.47085201793722
"1889",2,9.9,0.130044843049327
"1890",3,8.2,0.486547085201794
"1891",4,10,0.621076233183857
"1892",5,8.9,0.26457399103139
"1893",6,8.2,0.524663677130045
"1894",7,9.6,0.789237668161435
"1895",1,10,0.376681614349776
"1896",2,10,0.147982062780269
"1897",3,10,0.62780269058296
"1898",4,3.4,0.401345291479821
"1899",5,9.7,0.567264573991031
"1900",6,9.7,0.650224215246637
"1901",7,10,0.79372197309417
"1902",1,10,0.365470852017937
"1903",2,10,0.2847533632287
"1904",3,10,0.643497757847534
"1905",4,10,0.443946188340807
"1906",5,8.6,0.174887892376682
"1907",6,6.6,0.807174887892377
"1908",7,10,0.746636771300448
"1909",1,10,0.338565022421525
"1910",2,9.3,0.20627802690583
"1911",3,10,0.697309417040359
"1912",4,10,0.511210762331839
"1913",5,10,0.515695067264574
"1914",6,8.1,0.479820627802691
"1915",7,2.1,0.405829596412556
"1916",1,9.6,0.426008968609865
"1917",2,10,0
"1918",3,8.1,0.365470852017937
"1919",4,9.3,0.340807174887892
"1920",5,3.5,0.347533632286996
"1921",6,10,0.295964125560538
"1922",7,9.4,0.260089686098655
"1923",1,8.7,0.197309417040359
"1924",2,9.5,0.154708520179372
"1925",3,10,0.506726457399103
"1926",4,9.1,0.603139013452915
"1927",5,10,0.477578475336323
"1928",6,10,0.473094170403587
"1929",7,6.7,0.798206278026906
"1930",1,7,0.504484304932735
"1931",2,9,0.248878923766816
"1932",3,2.6,0.766816143497758
"1933",4,8.4,0.45067264573991
"1934",5,10,0.589686098654709
"1935",6,9.6,0.688340807174888
"1936",7,10,0.690582959641256
"1937",1,10,0.414798206278027
"1938",2,10,0.378923766816143
"1939",3,10,0.618834080717489
"1940",4,10,0.609865470852018
"1941",5,7.1,0.508968609865471
"1942",6,3.2,0.739910313901345
"1943",7,7.8,0.652466367713004
"1944",1,5.1,0.459641255605381
"1945",2,9.2,0.237668161434978
"1946",3,10,0.576233183856502
"1947",4,10,0.704035874439462
"1948",5,10,0.881165919282511
"1949",6,9.5,0.876681614349776
"1950",7,7.8,0.726457399103139
"1951",1,9.2,0.455156950672646
"1952",2,8.1,0.2152466367713
"1953",3,8.7,0.663677130044843
"1954",4,4.9,0.755605381165919
"1955",5,4,0.699551569506726
"1956",6,6.2,0.591928251121076
"1957",7,8.1,0.910313901345291
"1958",1,9.5,0.455156950672646
"1959",2,9.7,0.291479820627803
"1960",3,6.4,0.650224215246637
"1961",4,3,0.849775784753363
"1962",5,9.3,0.643497757847534
"1963",6,5.3,0.746636771300448
"1964",7,5.7,0.486547085201794
"1965",1,6,0.412556053811659
"1966",2,0.7,0.401345291479821
"1967",3,9.5,0.508968609865471
"1968",4,10,0.650224215246637
"1969",5,6.9,0.739910313901345
"1970",6,9.6,0.831838565022421
"1971",7,8,0.896860986547085
"1972",1,7.1,0.452914798206278
"1973",2,6,0.197309417040359
"1974",3,5.8,0.0201793721973094
"1975",4,6,0.919282511210762
"1976",5,6.4,0.692825112107623
"1977",6,3.7,0.670403587443946
"1978",7,4.8,0.789237668161435
"1979",1,4.4,0.5
"1980",2,10,0.282511210762332
"1981",3,6.2,0.670403587443946
"1982",4,9.4,0.647982062780269
"1983",5,9.7,0.565022421524664
"1984",6,10,0.659192825112108
"1985",7,7.9,0.802690582959641
"1986",1,9.8,0.688340807174888
"1987",2,9.4,0.300448430493274
"1988",3,10,0.643497757847534
"1989",4,10,0.719730941704036
"1990",5,7.9,0.688340807174888
"1991",6,5.3,0.973094170403587
"1992",7,9.3,0.737668161434978
"1993",1,9.3,0.623318385650224
"1994",2,10,0.511210762331839
"1995",3,9.1,0.917040358744395
"1996",4,6.3,0.926008968609865
"1997",5,7.9,0.670403587443946
"1998",6,8.1,0.932735426008969
"1999",7,5.5,0.737668161434978
"2000",1,5.7,0.255605381165919
"2001",2,3.7,0.345291479820628
"2002",3,6.1,0.748878923766816
"2003",4,10,0.81390134529148
"2004",5,10,0.316143497757848
"2005",6,6.3,0.757847533632287
"2006",7,4.4,1
"2007",1,10,0.565022421524664
"2008",2,8.8,0.367713004484305
"2009",3,8.7,0.717488789237668
"2010",4,2.9,0.625560538116592
"2011",5,4.8,0.015695067264574
"2012",6,1.6,0.719730941704036
"2013",7,4.8,0.571748878923767
"2014",1,9.9,0.2847533632287
"2015",2,10,0.327354260089686
"2016",3,10,0.612107623318386
"2017",4,9.9,0.73542600896861
"2018",5,9.3,0.511210762331839
"2019",6,10,0.544843049327354
"2020",7,10,0.733183856502242
"2021",1,10,0.399103139013453
"2022",2,8.6,0.369955156950673
"2023",3,2.6,0.717488789237668
"2024",4,4.6,0.630044843049327
"2025",5,7.9,0.647982062780269
"2026",6,10,0.762331838565022
"2027",7,10,0.674887892376682
"2028",1,6.8,0.5
"2029",2,3.2,0.316143497757848
"2030",3,7.3,0.482062780269058
"2031",4,5.7,0.571748878923767
"2032",5,5,0.57847533632287
"2033",6,4.7,0.464125560538117
"2034",7,2.1,0.79372197309417
"2035",1,1.4,0.533632286995516
"2036",2,6.5,0.143497757847534
"2037",3,9.9,0.405829596412556
"2038",4,8.4,0.695067264573991
"2039",5,7.5,0.585201793721973
"2040",6,5.4,0.724215246636771
"2041",7,4.6,0.7847533632287
"2042",1,4.4,0.461883408071749
"2043",2,8.8,0.390134529147982
"2044",3,6.3,0.522421524663677
"2045",4,6.7,0.580717488789238
"2046",5,5.9,0.576233183856502
"2047",6,3.6,0.695067264573991
"2048",7,9.6,0.690582959641256
"2049",1,9,0.378923766816143
"2050",2,7.8,0.224215246636771
"2051",3,7.7,0.488789237668161
"2052",4,4.5,0.677130044843049
"2053",5,9.4,0.551569506726457
"2054",6,9.1,0.556053811659193
"2055",7,6.3,0.681614349775785
"2056",1,5.9,0.403587443946188
"2057",2,8.9,0.204035874439462
"2058",3,4.7,0.365470852017937
"2059",4,7.1,0.405829596412556
"2060",5,4.8,0.448430493273543
"2061",6,9.7,0.473094170403587
"2062",7,10,0.632286995515695
"2063",1,9,0.34304932735426
"2064",2,10,0.289237668161435
"2065",3,9.1,0.565022421524664
"2066",4,3.5,0.708520179372197
"2067",5,5.5,0.641255605381166
"2068",6,7,0.755605381165919
"2069",7,10,0.502242152466368
"2070",1,10,0.291479820627803
"2071",2,10,0.289237668161435
"2072",3,9.2,0.300448430493274
"2073",4,6.1,0.867713004484305
"2074",5,9.3,0.827354260089686
"2075",6,9.4,0.948430493273543
"2076",7,10,0.609865470852018
"2077",1,10,0.378923766816143
"2078",2,10,0.352017937219731
"2079",3,9.5,0.562780269058296
"2080",4,7.4,0.325112107623318
"2081",5,3.1,0.860986547085202
"2082",6,6.3,0.7152466367713
"2083",7,9.2,0.639013452914798
"2084",1,9.3,0.441704035874439
"2085",2,6.8,0.443946188340807
"2086",3,7.9,0.614349775784753
"2087",4,8.1,0.76457399103139
"2088",5,7.8,0.269058295964126
"2089",6,9.1,0.582959641255605
"2090",7,10,0.708520179372197
"2091",1,9.6,0.365470852017937
"2092",2,10,0.170403587443946
"2093",3,10,0.437219730941704
"2094",4,8.7,0.708520179372197
"2095",5,6.9,0.798206278026906
"2096",6,8.5,0.612107623318386
"2097",7,6.3,0.701793721973094
"2098",1,9.8,0.457399103139013
"2099",2,9.7,0.248878923766816
"2100",3,10,0.412556053811659
"2101",4,9.5,0.479820627802691
"2102",5,7.7,0.849775784753363
"2103",6,9.6,0.713004484304933
"2104",7,9.8,0.890134529147982
"2105",1,10,0.325112107623318
"2106",2,8,0.291479820627803
"2107",3,8.8,0.228699551569507
"2108",4,10,0.513452914798206
"2109",5,3.9,0.692825112107623
"2110",6,4.1,0.766816143497758
"2111",7,5.2,0.966367713004484
"2112",1,10,0.399103139013453
"2113",2,10,0.262331838565022
"2114",3,9.1,0.65695067264574
"2115",4,8.6,0.647982062780269
"2116",5,10,0.672645739910314
"2117",6,10,0.753363228699552
"2118",7,10,0.869955156950673
"2119",1,9,0.515695067264574
"2120",2,9.1,0.434977578475336
"2121",3,10,0.562780269058296
"2122",4,9.9,0.632286995515695
"2123",5,10,0.717488789237668
"2124",6,10,0.816143497757848
"2125",7,10,0.780269058295964
"2126",1,5.7,0.802690582959641
"2127",2,6.9,0.352017937219731
"2128",3,9.8,0.665919282511211
"2129",4,10,0.721973094170404
"2130",5,10,0.553811659192825
"2131",6,7.6,0.665919282511211
"2132",7,5.2,0.778026905829596
"2133",1,5.4,0.576233183856502
"2134",2,10,0.230941704035874
"2135",3,9.7,0.807174887892377
"2136",4,2.1,0.62780269058296
"2137",5,8.4,0.665919282511211
"2138",6,9.9,0.520179372197309
"2140",1,7.5,0.464125560538117
"2141",2,10,0.226457399103139
"2142",3,10,0.219730941704036
"2143",4,5.8,0.795964125560538
"2144",5,10,0.647982062780269
"2146",7,5.5,0.719730941704036
"2147",1,10,0.358744394618834
"2148",2,10,0.159192825112108
"2149",3,10,0.668161434977579
"2150",4,9.2,0.663677130044843
"2151",5,9.7,0.746636771300448
"2152",6,10,0.0291479820627803
"2153",7,9.7,0.172645739910314
"2154",1,10,0.307174887892377
"2155",2,6.1,0.188340807174888
"2156",3,7.8,0.771300448430493
"2157",4,7.2,0.47085201793722
"2158",5,10,0.390134529147982
"2159",6,10,0.553811659192825
"2160",7,10,0.771300448430493
"2161",1,9.9,0.452914798206278
"2162",2,5.1,0.356502242152466
"2163",3,2.7,0.668161434977579
"2164",4,10,0.639013452914798
"2165",5,10,0.567264573991031
"2166",6,10,0.632286995515695
"2167",7,9.8,0.68609865470852
"2168",1,10,0.567264573991031
"2169",2,10,0.147982062780269
"2170",3,10,0.565022421524664
"2171",4,10,0.690582959641256
"2172",5,8.9,0.520179372197309
"2173",6,10,0.643497757847534
"2174",7,10,0.991031390134529
"2175",1,5.7,0.513452914798206
"2176",2,8.4,0.5
"2177",3,6.2,0.650224215246637
"2178",4,9.6,0.744394618834081
"2179",5,10,0.7847533632287
"2180",6,9.6,0.912556053811659
"2181",7,5.3,0.858744394618834
"2182",1,4.1,0.378923766816143
"2183",2,10,0.237668161434978
"2184",3,9.5,0.405829596412556
"2186",5,10,0.257847533632287
"2187",6,10,0.410313901345291
"2188",7,7.5,0.632286995515695
"2189",1,4.1,0.224215246636771
"2190",2,10,0.0112107623318386
"2191",3,10,0.5
"2192",4,5.4,0.165178571428571
"2193",5,10,0.328125
"2194",6,9.5,0.332589285714286
"2195",7,9.8,0.542410714285714
"2196",1,5,0.223214285714286
"2197",2,9.6,0.046875
"2198",3,10,0.511160714285714
"2199",4,6.7,0.482142857142857
"2200",5,5.6,0.354910714285714
"2201",6,9.7,0.502232142857143
"2202",7,10,0.645089285714286
"2203",1,10,0.368303571428571
"2204",2,10,0.0424107142857143
"2205",3,10,0.776785714285714
"2206",4,10,0.587053571428571
"2207",5,9.8,0.5
"2208",6,10,0.515625
"2209",7,8.3,0.537946428571429
"2210",1,9.8,0.276785714285714
"2211",2,2.8,0.125
"2212",3,7,0.127232142857143
"2213",4,10,0.607142857142857
"2214",5,9.4,0.441964285714286
"2215",6,5.2,0.529017857142857
"2216",7,8.9,0.694196428571429
"2217",1,10,0.397321428571429
"2218",2,9.9,0.200892857142857
"2219",3,9.8,0.46875
"2220",4,10,0.727678571428571
"2221",5,8.8,0.613839285714286
"2222",6,9.5,0.549107142857143
"2223",7,9.8,0.660714285714286
"2224",1,10,0.495535714285714
"2225",2,8.1,0.301339285714286
"2226",3,7.5,0.660714285714286
"2227",4,3,0.479910714285714
"2228",5,9.9,0.580357142857143
"2229",6,4.5,0.520089285714286
"2230",7,3,0.683035714285714
"2231",1,10,0.412946428571429
"2232",2,10,0.200892857142857
"2233",3,10,0.475446428571429
"2234",4,8.2,0.741071428571429
"2235",5,4.4,0.633928571428571
"2236",6,10,0.689732142857143
"2237",7,8.2,0.582589285714286
"2238",1,7.9,0.401785714285714
"2239",2,10,0.1875
"2240",3,6.3,0.113839285714286
"2241",4,10,0.383928571428571
"2242",5,10,0.580357142857143
"2243",6,6.4,0.540178571428571
"2244",7,10,0.426339285714286
"2245",1,10,0.1875
"2246",2,5.7,0.102678571428571
"2247",3,8.4,0.770089285714286
"2248",4,10,0.703125
"2249",5,10,0.388392857142857
"2250",6,7.4,0.767857142857143
"2251",7,10,0.794642857142857
"2252",1,6,0.640625
"2253",2,10,0.330357142857143
"2254",3,7.7,0.330357142857143
"2255",4,10,0.633928571428571
"2256",5,10,0.522321428571429
"2257",6,10,0.448660714285714
"2258",7,10,0.662946428571429
"2259",1,10,0.375
"2260",2,7.1,0.238839285714286
"2261",3,6,0.647321428571429
"2262",4,10,0.515625
"2263",5,10,0.462053571428571
"2264",6,10,0.571428571428571
"2265",7,7.3,0.709821428571429
"2266",1,6.1,0.435267857142857
"2267",2,10,0.142857142857143
"2268",3,10,0.491071428571429
"2269",4,10,0.46875
"2270",5,10,0.511160714285714
"2271",6,10,0.600446428571429
"2272",7,6.9,0.810267857142857
"2273",1,9,0.390625
"2274",2,10,0.247767857142857
"2275",3,9.8,0.381696428571429
"2276",4,10,0.569196428571429
"2277",5,10,0.462053571428571
"2278",6,10,0.645089285714286
"2279",7,10,0.464285714285714
"2280",1,9.4,0.359375
"2281",2,8.6,0.212053571428571
"2282",3,10,0.551339285714286
"2283",4,10,0.441964285714286
"2284",5,6.6,0.575892857142857
"2285",6,9.8,0.680803571428571
"2286",7,10,0.772321428571429
"2287",1,9.2,0.517857142857143
"2288",2,10,0.294642857142857
"2289",3,5.9,0.533482142857143
"2290",4,9.4,0.40625
"2291",5,9.3,0.620535714285714
"2292",6,10,0.40625
"2293",7,10,0.743303571428571
"2294",1,5.2,0.544642857142857
"2295",2,2.7,0.227678571428571
"2296",3,2.1,0.674107142857143
"2297",4,10,0.631696428571429
"2298",5,10,0.59375
"2299",6,9.6,0.412946428571429
"2300",7,4.8,0.4375
"2301",1,2.9,0.225446428571429
"2302",2,2.3,0.0959821428571429
"2303",3,2.3,0.372767857142857
"2304",4,6.3,0.529017857142857
"2305",5,8,0.357142857142857
"2306",6,9.9,0.363839285714286
"2307",7,7,0.323660714285714
"2308",1,6.6,0.381696428571429
"2309",2,9.4,0.0892857142857143
"2310",3,9.8,0.46875
"2311",4,8.3,0.517857142857143
"2312",5,10,0.544642857142857
"2313",6,8.2,0.698660714285714
"2314",7,7.8,0.660714285714286
"2315",1,4.3,0.441964285714286
"2316",2,6.8,0.388392857142857
"2317",3,7.9,0.613839285714286
"2318",4,10,0.651785714285714
"2319",5,10,0.65625
"2320",6,10,0.53125
"2321",7,9.4,0.680803571428571
"2322",1,7,0.629464285714286
"2323",2,7.6,0.522321428571429
"2324",3,9.7,0.575892857142857
"2325",4,7,0.59375
"2326",5,9.7,0.75
"2327",6,10,0.640625
"2328",7,8.4,0.828125
"2329",1,8.9,0.65625
"2330",2,10,0.428571428571429
"2331",3,4.9,0.745535714285714
"2332",4,7.8,0.870535714285714
"2333",5,10,0.754464285714286
"2334",6,10,0.819196428571429
"2335",7,8.3,0.832589285714286
"2336",1,10,0.368303571428571
"2337",2,8.9,0.345982142857143
"2338",3,10,0.194196428571429
"2339",4,8.1,0.667410714285714
"2340",5,8.1,0.549107142857143
"2341",6,8.5,0.602678571428571
"2342",7,4.7,0.915178571428571
"2343",1,6.2,0.450892857142857
"2344",2,5.1,0.357142857142857
"2345",3,9.1,0.678571428571429
"2346",4,10,0.580357142857143
"2347",5,9.6,0.669642857142857
"2348",6,5.2,0.868303571428571
"2349",7,9.8,0.845982142857143
"2350",1,9.8,0.502232142857143
"2351",2,10,0.381696428571429
"2352",3,10,0.575892857142857
"2353",4,5.4,0.729910714285714
"2354",5,10,0.738839285714286
"2355",6,6.2,0.622767857142857
"2356",7,8.2,0.879464285714286
"2357",1,10,0.591517857142857
"2358",2,9.3,0.34375
"2359",3,8.1,0.439732142857143
"2360",4,5.7,0.816964285714286
"2361",5,6.7,0.526785714285714
"2362",6,3,0.763392857142857
"2363",7,3.8,0.928571428571429
"2364",1,9.7,0.625
"2365",2,10,0.455357142857143
"2366",3,10,0.839285714285714
"2367",4,6,0.685267857142857
"2368",5,8.1,1
"2369",6,5.6,0.845982142857143
"2370",7,6.3,0.888392857142857
"2371",1,7.9,0.680803571428571
"2372",2,8.3,0.477678571428571
"2373",3,10,0.754464285714286
"2374",4,10,0.526785714285714
"2375",5,9.2,0.667410714285714
"2376",6,6.3,0.0870535714285714
"2377",7,4.7,0.417410714285714
"2378",1,1.5,0.258928571428571
"2379",2,7.1,0.191964285714286
"2380",3,10,0.529017857142857
"2381",4,9.7,0.683035714285714
"2382",5,7.3,0.441964285714286
"2383",6,2.2,0.676339285714286
"2384",7,7.9,0.875
"2385",1,8.1,0.453125
"2386",2,7.9,0.316964285714286
"2387",3,10,0.629464285714286
"2388",4,8.7,0.676339285714286
"2389",5,5.7,0.613839285714286
"2390",6,2,0.591517857142857
"2391",7,4.7,0.694196428571429
"2392",1,6.1,0.515625
"2393",2,6.7,0.272321428571429
"2394",3,9.5,0.636160714285714
"2395",4,7.8,0.441964285714286
"2396",5,9.9,0.604910714285714
"2397",6,10,0.558035714285714
"2398",7,9.4,0.658482142857143
"2399",1,10,0.551339285714286
"2400",2,9.6,0.383928571428571
"2401",3,8.9,0.65625
"2402",4,6.6,0.631696428571429
"2403",5,5.6,0.555803571428571
"2404",6,5.9,0.587053571428571
"2405",7,7.4,0.569196428571429
"2406",1,10,0.470982142857143
"2407",2,9.9,0.321428571428571
"2408",3,9.9,0.582589285714286
"2409",4,9.8,0.4375
"2410",5,10,0.564732142857143
"2411",6,9.4,0.649553571428571
"2412",7,8.9,0.647321428571429
"2413",1,10,0.484375
"2414",2,10,0.287946428571429
"2415",3,10,0.515625
"2416",4,7.9,0.254464285714286
"2417",5,8.6,0.40625
"2418",6,8.6,0.457589285714286
"2419",7,7.8,0.375
"2420",1,3.8,0.397321428571429
"2421",2,4.2,0.28125
"2422",3,3.5,0.464285714285714
"2423",4,10,0.488839285714286
"2424",5,8.1,0.372767857142857
"2425",6,7.2,0.517857142857143
"2426",7,9.4,0.477678571428571
"2427",1,10,0.354910714285714
"2428",2,10,0.283482142857143
"2429",3,10,0.310267857142857
"2430",4,10,0.388392857142857
"2431",5,9.2,0.441964285714286
"2432",6,6.3,0.529017857142857
"2433",7,9.2,0.613839285714286
"2434",1,9.1,0.328125
"2435",2,10,0.263392857142857
"2436",3,10,0.160714285714286
"2437",4,8.9,0.662946428571429
"2438",5,6.6,0.546875
"2439",6,9.5,0.609375
"2440",7,9.1,0.526785714285714
"2441",1,7.4,0.299107142857143
"2442",2,10,0.238839285714286
"2443",3,9.8,0.553571428571429
"2444",4,10,0.558035714285714
"2445",5,10,0.600446428571429
"2446",6,6.2,0.745535714285714
"2447",7,10,0.741071428571429
"2448",1,10,0.296875
"2449",2,8.8,0.555803571428571
"2450",3,9.6,0.591517857142857
"2451",4,10,0.625
"2452",5,9.9,0.558035714285714
"2453",6,10,0.558035714285714
"2454",7,10,0.743303571428571
"2455",1,9.9,0.495535714285714
"2456",2,6.4,0.357142857142857
"2457",3,8.1,0.633928571428571
"2458",4,7.8,0.609375
"2459",5,10,0.555803571428571
"2460",6,9.9,0.647321428571429
"2461",7,8.8,0.776785714285714
"2462",1,10,0.395089285714286
"2463",2,8.7,0.296875
"2464",3,10,0.178571428571429
"2465",4,10,0.220982142857143
"2466",5,8.9,0.743303571428571
"2467",6,10,0.747767857142857
"2468",7,9.4,0.787946428571429
"2469",1,10,0.450892857142857
"2470",2,10,0.178571428571429
"2471",3,10,0.491071428571429
"2472",4,9.3,0.375
"2473",5,7.8,0.0625
"2474",6,4.9,0.580357142857143
"2475",7,3.6,0.560267857142857
"2476",1,6.7,0.328125
"2477",2,9.6,0.191964285714286
"2478",3,7.1,0.100446428571429
"2479",4,10,0.433035714285714
"2480",5,9.9,0.676339285714286
"2481",6,9.9,0.564732142857143
"2482",7,10,0.622767857142857
"2483",1,10,0.515625
"2484",2,10,0.323660714285714
"2485",3,9.5,0.455357142857143
"2486",4,7.9,0.462053571428571
"2487",5,6.6,0.700892857142857
"2488",6,10,0.575892857142857
"2489",7,9.6,0.651785714285714
"2490",1,7.9,0.379464285714286
"2491",2,7.6,0.25
"2492",3,8.3,0.5625
"2493",4,9.9,0.633928571428571
"2494",5,8.4,0.535714285714286
"2495",6,5.4,0.582589285714286
"2496",7,8.4,0.953125
"2497",1,10,0.337053571428571
"2498",2,10,0.276785714285714
"2499",3,10,0.598214285714286
"2500",4,9.6,0.189732142857143
"2501",5,9.9,0.580357142857143
"2502",6,9.8,0.700892857142857
"2503",7,10,0.716517857142857
"2504",1,10,0.328125
"2505",2,10,0.227678571428571
"2506",3,10,0.28125
"2507",4,8.4,0.535714285714286
"2508",5,9.3,0.544642857142857
"2509",6,10,0.424107142857143
"2510",7,9.8,0.59375
"2511",1,10,0.383928571428571
"2512",2,10,0.198660714285714
"2513",3,3.6,0.866071428571429
"2514",4,8.4,0.613839285714286
"2515",5,9.1,0.381696428571429
"2516",6,10,0.651785714285714
"2517",7,8.8,0.620535714285714
"2518",1,10,0.386160714285714
"2519",2,7.5,0.361607142857143
"2520",3,10,0.638392857142857
"2521",4,10,0.774553571428571
"2522",5,6,0.459821428571429
"2523",6,8.9,0.0424107142857143
"2524",7,10,0.15625
"2525",1,10,0.245535714285714
"2526",2,10,0.120535714285714
"2527",3,4.3,0.502232142857143
"2528",4,5.2,0.591517857142857
"2529",5,10,0.439732142857143
"2530",6,10,0.540178571428571
"2531",7,10,0.464285714285714
"2532",1,10,0.470982142857143
"2533",2,10,0.223214285714286
"2534",3,7.3,0.852678571428571
"2535",4,1.8,0.696428571428571
"2536",5,4.9,0.497767857142857
"2537",6,10,0.544642857142857
"2538",7,9.8,0.904017857142857
"2539",1,3.1,0.495535714285714
"2540",2,8,0.330357142857143
"2541",3,10,0.366071428571429
"2542",4,7.3,0.770089285714286
"2543",5,7.6,0.772321428571429
"2544",6,10,0.767857142857143
"2545",7,10,0.765625
"2546",1,10,0.368303571428571
"2547",2,9.6,0.345982142857143
"2548",3,7.5,0.53125
"2549",4,10,0.390625
"2551",6,10,0.131696428571429
"2552",7,10,0.207589285714286
"2553",1,9,0
"2554",2,10,0.0647321428571429
"2555",3,5.2,0.363839285714286
"2556",4,4.8,0.196428571428571
